,0,1,2,3,4,5,6,7,8,9,10,11,12,13,14,15,16,17,18,19,20,21,22,23,24,25,26,27,28,29,30,31,32,33,34,35,36,37,38,39,40,41,42,43,44,45,46,47,48,49,50,51,52,53,54,55,56,57,58,59,60,61,62,63,64,65,66,67,68,69,70,71,72,73,74,75,76,77,78,79,80,81,82
0,6.862165963431786,16.81856540084388,14.459915611814345,14.969057665260197,9.146272855133615,5.8734177215189876,15.544303797468354,15.724331926863572,0.9451476793248945,4.191279887482419,0.8776371308016878,7.344585091420535,3.6061884669479607,2.021097046413502,2.049226441631505,5.513361462728551,12.988748241912798,40.628691983122366,49.251758087201125,9.81575246132208,14.686357243319268,28.40225035161744,51.25457102672293,41.9845288326301,32.73980309423347,7.578059071729958,3.240506329113924,30.129395218002813,40.69620253164557,51.479606188466946,10.481012658227849,44.34177215189873,3.6469760900140646,18.78481012658228,20.59493670886076,14.174402250351617,29.172995780590718,8.71167369901547,7.379746835443038,10.405063291139241,2.260196905766526,19.867791842475388,2.3178621659634318,15.410689170182842,25.374120956399437,1.1139240506329113,0.16455696202531644,11.718706047819971,15.20534458509142,0.0,0.17158931082981715,0.1589310829817159,10.351617440225036,7.672292545710267,4.310829817158931,3.0014064697609,0.0,0.0,7.665260196905766,1.4978902953586497,4.609001406469761,3.517580872011252,5.379746835443038,5.841068917018284,4.324894514767933,0.8959212376933896,0.0,0.0,0.960618846694796,1.3684950773558369,1.8340365682137834,0.1729957805907173,1.9479606188466947,0.0,1.2053445850914206,4.753867791842476,7.09985935302391,6.090014064697609,0.8143459915611815,3.848101265822785,0.6582278481012658,0.0,4.213783403656821
1,0.0,4.946554149085794,28.921237693389592,19.9943741209564,12.243319268635725,18.950773558368496,19.874824191279888,36.31364275668073,3.061884669479606,13.036568213783404,0.28270042194092826,0.7862165963431786,0.47960618846694797,0.10126582278481013,1.170182841068917,12.767932489451477,23.556962025316455,28.427566807313642,34.50210970464135,7.369901547116737,10.420534458509142,20.18143459915612,33.32770745428973,32.38818565400844,21.50351617440225,6.19549929676512,1.3389592123769338,8.850914205344585,22.11814345991561,32.365682137834035,6.668073136427567,36.27285513361463,3.848101265822785,40.064697609001406,30.538677918424753,18.037974683544302,36.954992967651194,16.451476793248943,0.4388185654008439,7.981715893108298,2.040787623066104,3.289732770745429,4.727144866385372,5.385372714486638,4.742616033755274,1.7271448663853728,0.17580872011251758,18.11814345991561,12.860759493670885,0.0,0.0,0.0,1.1251758087201125,0.3909985935302391,0.19127988748241911,0.0,0.0,0.0,2.5063291139240507,0.2883263009845288,2.130801687763713,2.490857946554149,3.4275668073136427,2.8227848101265822,2.8509142053445853,0.9957805907172996,0.26441631504922647,0.0,0.0,1.0506329113924051,0.729957805907173,0.0,0.8663853727144867,0.0,0.2883263009845288,4.161744022503516,1.780590717299578,3.9367088607594938,0.2545710267229255,0.3066104078762307,1.070323488045007,0.0,2.0084388185654007
2,0.0,0.0,2.7946554149085796,7.270042194092827,18.383966244725737,2.717299578059072,10.753867791842476,12.881856540084389,1.5668073136427567,4.112517580872011,1.0,6.736990154711673,3.690576652601969,2.0154711673699017,0.70042194092827,4.035161744022504,6.929676511954993,11.538677918424753,20.324894514767934,2.3333333333333335,2.1251758087201127,6.367088607594937,17.540084388185655,16.275668073136426,10.11251758087201,1.720112517580872,0.2250351617440225,15.416315049226442,17.469760900140646,25.243319268635723,4.521800281293952,30.417721518987342,1.3670886075949367,29.386779184247537,33.10689170182841,31.88185654008439,39.10126582278481,18.966244725738395,9.39943741209564,2.6736990154711675,0.7862165963431786,36.954992967651194,13.50070323488045,54.0210970464135,49.0056258790436,3.308016877637131,0.18706047819971872,58.68917018284107,49.21378340365682,1.0464135021097047,0.6624472573839663,0.510548523206751,14.877637130801688,10.518987341772151,6.067510548523207,3.268635724331927,0.3234880450070324,0.0,1.410689170182841,0.0,4.690576652601969,0.9212376933895922,0.6272855133614628,0.9676511954992968,1.0520393811533053,0.0,0.0,0.0,0.4078762306610408,0.3909985935302391,1.2165963431786218,0.0,1.9521800281293953,0.0,0.2742616033755274,4.291139240506329,17.42334739803094,6.630098452883263,0.7749648382559775,5.815752461322082,0.980309423347398,0.0,1.3628691983122363
3,0.0,0.0,0.0,4.272855133614628,7.59915611814346,0.8171589310829818,19.240506329113924,13.282700421940929,0.2981715893108298,3.1082981715893108,5.386779184247539,10.573839662447257,25.042194092827003,16.17721518987342,13.80168776371308,2.390998593530239,8.154711673699016,21.015471167369903,35.19971870604782,30.571026722925456,4.527426160337553,10.646976090014064,27.313642756680732,20.12798874824191,18.90857946554149,4.208157524613221,2.029535864978903,36.55836849507735,28.41350210970464,47.0112517580872,10.433192686357243,48.862165963431785,1.5921237693389592,32.0182841068917,23.873417721518987,25.461322081575247,26.821378340365683,12.213783403656821,11.80731364275668,4.462728551336146,2.060478199718706,55.69901547116737,12.744022503516174,68.50773558368495,60.371308016877634,2.963431786216596,0.6835443037974683,64.86075949367088,67.49226441631505,0.810126582278481,0.3066104078762307,0.5035161744022504,40.39803094233474,39.85091420534459,22.59915611814346,13.247538677918424,0.8438818565400844,0.0,0.7805907172995781,0.9493670886075949,19.050632911392405,0.6540084388185654,1.7271448663853728,2.036568213783404,1.191279887482419,0.42756680731364277,0.9212376933895922,0.0,2.6765119549929675,0.9142053445850914,2.1279887482419126,0.17158931082981715,4.355836849507735,0.0,3.69760900140647,6.187060478199719,32.49226441631505,12.243319268635725,0.5147679324894515,18.49226441631505,1.3656821378340365,0.25035161744022505,1.8481012658227849
4,0.0,0.0,0.0,0.0,6.843881856540085,17.773558368495078,23.67369901547117,50.835443037974684,25.639943741209564,48.218002812939524,3.690576652601969,1.3938115330520393,2.0450070323488045,0.7538677918424754,0.8762306610407876,37.30520393811533,53.90154711673699,23.742616033755276,33.26300984528832,5.634317862165964,5.877637130801688,9.848101265822784,16.436005625879044,15.724331926863572,10.146272855133615,2.361462728551336,1.2419127988748242,2.827004219409283,14.248945147679326,31.0,11.465541490857946,29.237693389592124,3.4655414908579467,28.18143459915612,40.379746835443036,22.386779184247537,37.21237693389592,25.014064697609,0.5189873417721519,3.1490857946554147,0.0,2.438818565400844,5.677918424753868,5.879043600562588,4.175808720112518,3.689170182841069,1.3530239099859354,32.08720112517581,31.229254571026722,1.4767932489451476,0.13783403656821377,0.5879043600562588,1.2531645569620253,2.2841068917018283,1.2630098452883263,0.2939521800281294,0.18565400843881857,0.0,2.378340365682138,0.23347398030942335,1.8762306610407877,1.4444444444444444,1.970464135021097,2.6272855133614628,1.0815752461322081,0.0,0.0,0.0,0.0,0.6146272855133614,0.739803094233474,0.0,0.7623066104078763,0.0,1.371308016877637,5.7355836849507735,3.7763713080168775,4.424753867791843,0.24613220815752462,0.4247538677918425,0.5316455696202531,0.0,0.6905766526019691
5,0.0,0.0,0.0,0.0,0.0,6.963431786216597,24.60618846694796,54.06610407876231,29.931082981715893,24.89310829817159,6.3642756680731365,1.1082981715893108,2.3473980309423346,0.9563994374120957,1.0365682137834036,46.18143459915612,62.513361462728554,29.037974683544302,48.157524613220815,5.0,0.7538677918424754,1.3811533052039382,3.630098452883263,3.220815752461322,3.511954992967651,0.3333333333333333,0.17580872011251758,0.37834036568213786,14.71167369901547,35.40787623066104,17.69338959212377,22.616033755274263,3.5850914205344586,19.29535864978903,31.970464135021096,14.136427566807313,34.55836849507735,19.257383966244724,0.0,0.4908579465541491,0.0,0.36146272855133615,2.070323488045007,0.1940928270042194,0.47538677918424754,8.039381153305204,9.253164556962025,26.528832630098453,45.94796061884669,5.812939521800281,1.8213783403656822,0.6033755274261603,0.22081575246132207,1.1870604781997187,1.7538677918424754,0.21378340365682139,0.3558368495077356,0.0,0.8593530239099859,0.4219409282700422,2.338959212376934,0.5386779184247539,0.23628691983122363,0.24472573839662448,0.2967651195499297,0.0,0.0,0.0,0.0,0.5808720112517581,0.7988748241912799,0.0,0.2419127988748242,0.0,1.5513361462728552,8.023909985935303,6.466947960618847,5.440225035161744,0.5555555555555556,0.0,0.0,0.0,0.24472573839662448
6,0.0,0.0,0.0,0.0,0.0,0.0,10.880450070323487,28.481012658227847,24.59493670886076,45.57524613220816,4.50773558368495,2.661040787623066,5.253164556962025,1.6722925457102673,2.160337552742616,38.24050632911393,48.043600562587905,36.36286919831224,51.32067510548523,6.814345991561181,6.430379746835443,14.774964838255977,34.459915611814345,30.50773558368495,21.957805907172997,7.2925457102672295,1.5836849507735584,15.09423347398031,27.780590717299578,46.075949367088604,12.824191279887483,36.9873417721519,4.571026722925457,44.83825597749648,48.9929676511955,30.39240506329114,39.0070323488045,33.90436005625879,2.8537271448663852,7.376933895921238,0.9127988748241913,14.011251758087202,17.883263009845287,26.769338959212376,24.050632911392405,17.125175808720112,9.79465541490858,59.83122362869198,58.46976090014065,6.29676511954993,3.0351617440225036,1.6371308016877637,5.309423347398031,8.260196905766525,7.028129395218003,3.832630098452883,1.0365682137834036,0.0,2.067510548523207,0.37130801687763715,10.959212376933896,2.732770745428973,3.938115330520394,2.569620253164557,2.721518987341772,0.0,0.2869198312236287,0.0,0.469760900140647,0.4838255977496484,1.7172995780590716,0.0,1.6455696202531647,0.0,4.060478199718706,15.877637130801688,18.450070323488045,14.39099859353024,1.620253164556962,1.589310829817159,2.4683544303797467,0.29254571026722925,2.019690576652602
7,0.0,0.0,0.0,0.0,0.0,0.0,0.0,7.9113924050632916,24.126582278481013,31.028129395218002,23.91983122362869,17.578059071729957,19.32208157524613,23.77777777777778,49.9873417721519,62.06047819971871,71.61744022503517,53.23628691983122,64.31082981715893,67.15189873417721,1.9127988748241913,2.2939521800281293,9.566807313642757,8.857946554149086,10.855133614627286,12.050632911392405,6.267229254571027,5.7594936708860756,21.932489451476794,51.21659634317862,19.89732770745429,33.69338959212377,5.668073136427567,47.69760900140647,53.70182841068917,40.75949367088607,44.51898734177215,48.10126582278481,15.260196905766525,9.344585091420534,0.8917018284106891,50.17862165963432,42.37412095639944,73.0112517580872,69.23769338959212,48.80590717299578,55.17862165963432,79.25597749648382,72.9423347398031,44.54289732770746,55.345991561181435,68.16033755274262,48.70042194092827,61.0182841068917,69.94514767932489,54.65119549929676,11.638537271448664,2.181434599156118,8.673699015471167,3.8973277074542896,79.50773558368495,1.5021097046413503,4.011251758087201,1.9015471167369902,4.333333333333333,0.5752461322081576,3.5274261603375527,1.1448663853727146,0.7637130801687764,2.0773558368495078,3.5949367088607596,0.7426160337552743,5.075949367088608,0.0,32.14627285513362,63.69620253164557,52.80731364275668,47.579465541490855,9.021097046413502,12.018284106891702,7.926863572433192,0.25738396624472576,0.25316455696202533
8,0.0,0.0,0.0,0.0,0.0,0.0,0.0,0.0,8.022503516174401,27.59493670886076,7.040787623066104,0.0,0.45147679324894513,0.2419127988748242,0.1659634317862166,45.88748241912799,35.0112517580872,31.277074542897328,45.88466947960619,2.430379746835443,0.48945147679324896,0.6357243319268636,2.909985935302391,0.7032348804500703,2.2165963431786215,0.0,0.0,0.8312236286919831,16.340365682137833,30.22222222222222,7.462728551336146,7.765119549929676,0.9690576652601969,12.225035161744023,26.727144866385373,16.053445850914205,24.984528832630097,13.351617440225036,0.07313642756680731,0.3291139240506329,0.0,0.8846694796061885,1.9381153305203938,0.12517580872011252,0.6455696202531646,12.371308016877638,17.71167369901547,26.163150492264418,47.22222222222222,16.51336146272855,6.209563994374121,2.7454289732770745,0.0,2.0042194092827006,1.410689170182841,0.8002812939521801,1.4233473980309423,0.3656821378340366,0.3431786216596343,0.5850914205344585,1.7749648382559775,0.18143459915611815,0.1631504922644163,0.2981715893108298,0.4767932489451477,0.0,0.16033755274261605,0.0,0.0,0.35864978902953587,0.4092827004219409,0.0,0.0,0.0,5.9957805907173,15.414908579465541,14.850914205344585,9.226441631504922,1.0070323488045008,0.08016877637130802,0.7229254571026723,0.0,0.2911392405063291
9,0.0,0.0,0.0,0.0,0.0,0.0,0.0,0.0,0.0,7.385372714486638,13.341772151898734,1.3277074542897327,1.80028129395218,5.181434599156118,0.2545710267229255,26.286919831223628,53.41068917018284,54.34880450070324,62.80450070323488,13.959212376933896,0.5991561181434599,1.2939521800281295,5.815752461322082,1.2264416315049227,8.237693389592124,0.39943741209563993,0.8635724331926864,1.8945147679324894,30.72573839662447,50.0070323488045,21.478199718706048,24.364275668073137,4.966244725738397,22.857946554149084,47.91983122362869,33.90154711673699,39.94796061884669,46.88466947960619,0.2967651195499297,1.091420534458509,0.10407876230661041,1.5119549929676512,0.4613220815752461,0.8059071729957806,0.5232067510548524,5.336146272855133,15.893108298171589,18.658227848101266,61.125175808720115,13.061884669479607,55.520393811533054,68.54571026722925,0.17580872011251758,0.28551336146272854,8.060478199718705,1.5611814345991561,18.665260196905766,0.6357243319268636,8.50492264416315,1.180028129395218,21.876230661040786,1.248945147679325,1.610407876230661,0.7412095639943741,1.49929676511955,0.7749648382559775,0.8973277074542897,0.14627285513361463,0.17158931082981715,0.960618846694796,1.319268635724332,0.3924050632911392,1.0196905766526019,0.0,9.881856540084389,32.28973277074543,28.966244725738395,11.780590717299578,3.4739803094233475,1.4036568213783405,4.575246132208157,0.0,3.486638537271449
10,0.0,0.0,0.0,0.0,0.0,0.0,0.0,0.0,0.0,0.0,6.5738396624472575,19.61744022503516,32.922644163150494,17.31645569620253,2.350210970464135,11.174402250351617,4.884669479606188,19.008438818565402,8.059071729957806,14.336146272855133,0.15049226441631505,0.22362869198312235,0.34458509142053445,0.0,0.0,0.4078762306610408,0.0,0.0,1.0646976090014064,5.762306610407876,1.1983122362869199,1.410689170182841,0.7158931082981715,8.732770745428974,44.29395218002813,29.358649789029535,26.345991561181435,30.22222222222222,1.6483825597749648,0.09142053445850915,0.09282700421940929,4.250351617440225,1.0829817158931083,3.0182841068917017,4.485232067510548,1.4838255977496484,6.655414908579465,13.353023909985936,70.14486638537271,4.282700421940929,72.55274261603375,77.09704641350211,1.230661040787623,2.70042194092827,36.58790436005626,12.853727144866385,51.130801687763714,0.8157524613220816,38.0478199718706,2.171589310829817,70.14627285513362,1.8706047819971872,2.080168776371308,1.0028129395218002,3.7932489451476794,2.2334739803094235,2.4528832630098454,0.1659634317862166,0.3389592123769339,3.2841068917018283,3.8917018284106892,0.29957805907172996,2.2939521800281293,0.12517580872011252,8.130801687763713,48.533052039381154,42.344585091420534,17.649789029535864,9.907172995780591,2.5260196905766525,9.078762306610408,0.0,3.540084388185654
11,0.0,0.0,0.0,0.0,0.0,0.0,0.0,0.0,0.0,0.0,0.0,3.9873417721518987,14.718706047819971,38.43178621659634,37.42334739803094,1.4781997187060478,0.0,9.729957805907173,0.4767932489451477,58.58509142053446,0.2011251758087201,0.3234880450070324,0.3136427566807314,0.6033755274261603,0.6540084388185654,3.6455696202531644,1.270042194092827,2.6427566807313645,0.9423347398030942,1.659634317862166,0.11673699015471167,3.7158931082981717,0.0,2.3572433192686355,3.929676511954993,4.3980309423347395,10.789029535864978,0.5682137834036568,11.926863572433193,2.1758087201125176,0.0,27.662447257383967,3.2067510548523206,33.077355836849506,38.57805907172996,1.6244725738396624,0.5316455696202531,30.634317862165965,55.72714486638537,0.11251758087201125,0.770745428973277,3.3066104078762306,19.046413502109704,21.980309423347396,10.427566807313642,5.579465541490858,0.510548523206751,0.0,0.20815752461322082,0.0,10.60056258790436,0.0,0.0,0.0,0.0,0.20534458509142053,0.0,0.0,0.28551336146272854,0.0,0.0,0.0,0.4908579465541491,0.0,0.5330520393811533,2.2433192686357244,8.014064697609001,3.371308016877637,0.29957805907172996,5.50351617440225,0.0,0.0,0.0
12,0.0,0.0,0.0,0.0,0.0,0.0,0.0,0.0,0.0,0.0,0.0,0.0,4.350210970464135,19.9873417721519,46.10689170182841,4.862165963431786,0.9789029535864979,16.466947960618846,0.6624472573839663,60.237693389592124,0.3319268635724332,0.0,0.0,1.1012658227848102,1.5372714486638537,9.177215189873417,2.839662447257384,0.48241912798874825,0.6779184247538678,0.9127988748241913,0.0,0.8565400843881856,0.0,1.0,4.111111111111111,2.838255977496484,5.720112517580872,0.9549929676511955,9.721518987341772,6.187060478199719,0.6385372714486639,16.977496483825597,1.4261603375527425,17.957805907172997,30.139240506329113,3.026722925457103,3.586497890295359,25.76793248945148,47.922644163150494,1.4767932489451476,1.790436005625879,11.334739803094234,16.29957805907173,13.714486638537272,9.962025316455696,7.441631504922644,0.5963431786216596,0.0,1.3825597749648382,0.0,23.070323488045005,0.0,0.0,0.189873417721519,0.0,0.0,0.5316455696202531,0.0,0.0,0.0,0.5063291139240507,0.0,0.46835443037974683,0.0,1.3473980309423348,5.9971870604782,4.236286919831223,4.236286919831223,0.0,2.523206751054852,0.23628691983122363,0.0,0.0
13,0.0,0.0,0.0,0.0,0.0,0.0,0.0,0.0,0.0,0.0,0.0,0.0,0.0,5.8213783403656825,19.433192686357245,6.734177215189874,0.10829817158931083,19.08298171589311,1.0028129395218002,28.236286919831223,0.6962025316455697,0.170182841068917,0.9451476793248945,2.548523206751055,5.819971870604782,14.734177215189874,6.253164556962025,0.90014064697609,0.9071729957805907,0.5189873417721519,0.1659634317862166,0.6075949367088608,0.0,0.17862165963431786,3.0872011251758087,1.0379746835443038,1.969057665260197,0.48523206751054854,6.476793248945148,10.544303797468354,1.639943741209564,8.478199718706048,0.44866385372714485,5.49648382559775,13.047819971870604,0.4669479606188467,1.1279887482419129,8.28973277074543,42.90014064697609,0.7018284106891702,12.921237693389592,38.57102672292546,6.613220815752461,4.9113924050632916,14.127988748241913,15.725738396624472,9.849507735583686,0.0,10.125175808720112,0.0,42.68213783403657,0.5133614627285513,0.0,0.34739803094233473,0.5625879043600562,0.9324894514767933,4.075949367088608,1.2039381153305204,0.35864978902953587,0.22784810126582278,0.17158931082981715,0.0,1.6343178621659635,0.7383966244725738,1.3727144866385372,7.589310829817159,4.516174402250352,3.450070323488045,1.2320675105485233,1.49929676511955,2.289732770745429,0.1308016877637131,0.13220815752461323
14,0.0,0.0,0.0,0.0,0.0,0.0,0.0,0.0,0.0,0.0,0.0,0.0,0.0,0.0,4.6455696202531644,0.1940928270042194,0.6919831223628692,31.172995780590718,8.50210970464135,17.088607594936708,21.710267229254573,15.762306610407876,11.213783403656821,7.5358649789029535,21.559774964838255,14.255977496483826,23.71448663853727,7.568213783403657,8.818565400843882,5.706047819971871,1.1139240506329113,5.815752461322082,1.8045007032348805,2.130801687763713,5.9113924050632916,0.919831223628692,11.251758087201125,1.4064697609001406,6.0787623066104075,19.367088607594937,7.859353023909986,5.984528832630098,0.1940928270042194,4.40084388185654,8.18424753867792,0.31645569620253167,0.20675105485232068,4.593530239099859,27.365682137834035,0.3263009845288326,1.4753867791842474,14.150492264416314,4.6455696202531644,4.135021097046414,6.9690576652601965,21.417721518987342,2.251758087201125,0.16736990154711673,21.70182841068917,1.0478199718706047,50.55133614627285,12.648382559774964,9.29395218002813,7.8213783403656825,6.731364275668073,2.807313642756681,9.50632911392405,4.79887482419128,0.8917018284106891,1.689170182841069,2.412095639943741,0.4289732770745429,7.623066104078762,1.8241912798874824,3.049226441631505,13.582278481012658,2.576652601969058,8.507735583684951,2.540084388185654,1.1040787623066104,9.517580872011251,0.6413502109704642,1.1533052039381153
15,0.0,0.0,0.0,0.0,0.0,0.0,0.0,0.0,0.0,0.0,0.0,0.0,0.0,0.0,0.0,6.943741209563995,21.49929676511955,26.229254571026722,53.61603375527426,10.360056258790436,1.2855133614627285,1.6919831223628692,6.147679324894515,0.9662447257383966,8.929676511954993,0.729957805907173,0.4120956399437412,1.7243319268635724,25.929676511954995,43.78481012658228,14.573839662447257,24.545710267229254,9.274261603375528,22.829817158931082,49.49085794655415,30.832630098452885,44.90717299578059,50.371308016877634,0.19549929676511954,1.628691983122363,0.5822784810126582,1.6652601969057665,0.7032348804500703,0.3530239099859353,0.3488045007032349,1.8818565400843883,6.012658227848101,8.773558368495078,18.561181434599156,3.7735583684950775,31.755274261603375,59.828410689170184,0.0,0.06891701828410689,7.531645569620253,3.0014064697609,35.70323488045007,0.7876230661040787,27.213783403656823,1.580872011251758,50.89170182841069,4.658227848101266,4.063291139240507,1.9521800281293953,4.669479606188467,2.513361462728551,1.0239099859353025,0.33755274261603374,0.18424753867791843,2.817158931082982,3.742616033755274,0.7426160337552743,2.3122362869198314,0.47960618846694797,4.981715893108298,33.46132208157525,30.37552742616034,13.116736990154712,5.174402250351617,1.1659634317862166,7.80309423347398,0.0,5.874824191279887
16,0.0,0.0,0.0,0.0,0.0,0.0,0.0,0.0,0.0,0.0,0.0,0.0,0.0,0.0,0.0,0.0,8.0070323488045,25.80872011251758,22.89873417721519,17.87904360056259,0.5316455696202531,0.42756680731364277,4.666666666666667,0.909985935302391,13.236286919831224,0.47538677918424754,0.38677918424753865,9.594936708860759,33.07454289732771,49.35583684950774,26.175808720112517,20.655414908579466,19.19549929676512,29.0042194092827,33.36990154711674,7.2644163150492265,45.028129395218,34.79043600562588,0.28551336146272854,1.1744022503516174,0.7580872011251758,0.4613220815752461,0.0,0.21237693389592124,0.0,3.239099859353024,4.520393811533052,13.19971870604782,23.887482419127988,2.1758087201125176,1.1153305203938115,1.0857946554149085,0.23769338959212377,0.11954992967651196,0.0,0.2250351617440225,1.580872011251758,0.27566807313642755,4.458509142053446,0.44866385372714485,6.281293952180028,0.34458509142053445,0.4641350210970464,0.6526019690576652,0.6061884669479606,0.0,0.0,0.17440225035161744,0.0,0.7116736990154712,0.680731364275668,0.28270042194092826,1.5077355836849509,0.39943741209563993,1.8255977496483826,9.935302390998594,4.648382559774965,4.706047819971871,0.4388185654008439,0.0,0.810126582278481,0.0,3.019690576652602
17,0.0,0.0,0.0,0.0,0.0,0.0,0.0,0.0,0.0,0.0,0.0,0.0,0.0,0.0,0.0,0.0,0.0,6.7693389592123765,31.914205344585092,13.832630098452883,14.523206751054852,26.462728551336145,24.327707454289733,44.33052039381153,57.163150492264414,53.37693389592124,43.20253164556962,39.48241912798875,66.86357243319269,72.37974683544304,46.71729957805907,64.73417721518987,39.985935302391,53.9381153305204,52.459915611814345,30.421940928270043,61.40787623066104,53.06751054852321,4.638537271448664,57.815752461322084,20.853727144866387,22.39521800281294,11.264416315049226,2.052039381153305,3.4781997187060476,9.381153305203938,8.016877637130802,11.572433192686358,15.330520393811533,4.049226441631505,28.959212376933895,63.08157524613221,0.6047819971870605,1.2559774964838255,13.260196905766525,24.037974683544302,42.48101265822785,3.5358649789029535,107.17580872011251,26.90154711673699,91.23066104078762,109.61181434599156,106.66385372714487,104.32770745428974,80.31645569620254,31.324894514767934,18.9985935302391,11.576652601969057,5.631504922644163,47.808720112517584,70.06469760900141,4.8832630098452885,70.46554149085794,11.116736990154712,55.70464135021097,88.59915611814345,50.533052039381154,94.30098452883263,53.50351617440225,1.6469760900140646,51.72714486638537,2.320675105485232,52.340365682137836
18,0.0,0.0,0.0,0.0,0.0,0.0,0.0,0.0,0.0,0.0,0.0,0.0,0.0,0.0,0.0,0.0,0.0,0.0,7.751054852320675,41.580872011251756,11.309423347398031,15.30379746835443,18.81575246132208,26.067510548523206,49.38115330520394,25.360056258790436,24.060478199718705,46.36286919831224,47.20815752461322,35.749648382559776,21.129395218002813,65.0098452883263,36.09704641350211,57.35021097046413,48.48241912798875,16.39240506329114,58.849507735583686,54.360056258790436,3.8255977496483826,37.14205344585091,16.430379746835442,8.234880450070323,2.758087201125176,1.1856540084388185,0.41068917018284107,5.143459915611814,3.819971870604782,5.9985935302391,12.9915611814346,2.4064697609001406,4.445850914205344,3.0393811533052038,0.19268635724331926,0.13220815752461323,0.12658227848101267,1.5035161744022503,4.026722925457102,0.27285513361462727,59.42475386779184,11.414908579465541,58.28410689170183,46.56258790436006,47.65822784810127,49.668073136427566,24.852320675105485,6.89732770745429,1.9873417721518987,0.549929676511955,0.3853727144866385,11.856540084388186,23.548523206751057,1.579465541490858,29.80450070323488,4.268635724331927,24.355836849507735,53.77777777777778,11.915611814345992,52.48101265822785,22.483825597749647,0.7988748241912799,10.074542897327708,0.33473980309423346,42.79606188466948
19,0.0,0.0,0.0,0.0,0.0,0.0,0.0,0.0,0.0,0.0,0.0,0.0,0.0,0.0,0.0,0.0,0.0,0.0,0.0,6.69901547116737,13.520393811533053,11.796061884669479,39.24050632911393,17.21518987341772,43.28270042194093,43.950773558368496,45.983122362869196,15.547116736990155,33.79465541490858,39.929676511954995,22.817158931082982,35.12095639943741,21.644163150492265,24.156118143459917,47.721518987341774,19.78199718706048,42.25597749648382,30.70464135021097,11.957805907172995,42.21659634317862,16.542897327707454,24.236286919831223,7.672292545710267,11.966244725738397,21.41209563994374,5.728551336146273,6.770745428973277,22.239099859353026,66.91420534458508,3.381153305203938,40.239099859353026,75.87341772151899,9.520393811533053,9.71167369901547,34.18284106891702,48.680731364275665,48.30379746835443,3.0028129395218004,90.87201125175808,26.043600562587905,81.37834036568213,85.81575246132208,77.45850914205344,75.9760900140647,50.76933895921238,24.679324894514767,24.786216596343177,12.724331926863572,5.189873417721519,31.670886075949365,49.83263009845288,3.8143459915611815,59.78762306610408,13.79887482419128,47.81434599156118,83.22222222222223,43.976090014064695,86.25597749648382,51.89310829817159,3.8649789029535864,43.962025316455694,2.831223628691983,36.15471167369901
20,0.0,0.0,0.0,0.0,0.0,0.0,0.0,0.0,0.0,0.0,0.0,0.0,0.0,0.0,0.0,0.0,0.0,0.0,0.0,0.0,5.528832630098453,10.140646976090014,13.492264416315049,34.60618846694796,40.75105485232068,48.0084388185654,35.67791842475387,15.507735583684951,33.29676511954993,24.137834036568215,1.3080168776371308,21.430379746835442,1.348804500703235,16.441631504922643,35.922644163150494,0.6371308016877637,46.829817158931085,10.165963431786217,1.2362869198312236,52.552742616033754,11.81575246132208,6.585091420534458,2.789029535864979,0.8846694796061885,0.6329113924050633,2.5527426160337554,0.31645569620253167,1.739803094233474,0.0,0.30942334739803096,1.0225035161744023,0.0,0.0,0.0,0.0,4.483825597749648,0.16736990154711673,0.0,98.20393811533052,6.052039381153305,70.07876230661041,105.19409282700423,95.27988748241913,77.33473980309424,72.17580872011251,19.130801687763714,9.679324894514767,3.9971870604781996,1.7735583684950773,25.949367088607595,31.37834036568214,0.0,22.49367088607595,0.17440225035161744,11.257383966244726,28.559774964838255,4.493670886075949,38.96765119549929,6.049226441631505,0.2841068917018284,29.171589310829816,1.2545710267229255,10.988748241912798
21,0.0,0.0,0.0,0.0,0.0,0.0,0.0,0.0,0.0,0.0,0.0,0.0,0.0,0.0,0.0,0.0,0.0,0.0,0.0,0.0,0.0,4.338959212376934,11.091420534458509,13.174402250351617,41.90717299578059,41.246132208157526,30.41209563994374,23.19127988748242,39.835443037974684,32.90717299578059,1.7074542897327707,25.303797468354432,0.9817158931082982,19.9873417721519,33.67229254571027,1.6526019690576652,55.32348804500703,12.907172995780591,2.188466947960619,49.452883263009845,14.032348804500703,7.198312236286919,5.786216596343179,0.5977496483825597,0.8621659634317862,2.967651195499297,0.3080168776371308,3.050632911392405,0.46835443037974683,0.4866385372714487,1.2137834036568214,0.0,0.3755274261603376,0.0,0.2742616033755274,3.080168776371308,0.18424753867791843,0.0,87.028129395218,3.261603375527426,56.91983122362869,97.29395218002813,93.49226441631505,68.10548523206751,71.0210970464135,19.613220815752463,10.914205344585092,3.8987341772151898,1.7257383966244726,26.829817158931082,30.942334739803094,0.4669479606188467,24.770745428973278,0.5710267229254571,13.69620253164557,24.450070323488045,4.665260196905766,36.27285513361463,3.630098452883263,0.189873417721519,29.78902953586498,0.829817158931083,8.918424753867791
22,0.0,0.0,0.0,0.0,0.0,0.0,0.0,0.0,0.0,0.0,0.0,0.0,0.0,0.0,0.0,0.0,0.0,0.0,0.0,0.0,0.0,0.0,8.684950773558368,17.376933895921237,26.981715893108298,43.47398030942335,37.479606188466946,54.72011251758087,29.11814345991561,32.40365682137834,7.026722925457102,51.75246132208157,6.49226441631505,42.39381153305204,54.14064697609001,4.244725738396625,68.9887482419128,31.70042194092827,6.165963431786216,52.42897327707454,26.338959212376935,9.668073136427568,5.549929676511955,0.21378340365682139,2.0661040787623066,6.032348804500703,0.0,3.661040787623066,1.4360056258790437,0.1729957805907173,2.369901547116737,0.0,0.0,0.0,0.0,3.780590717299578,1.0956399437412097,0.45288326300984527,97.74402250351618,6.246132208157524,61.21097046413502,105.36005625879044,103.30801687763713,88.53164556962025,76.0154711673699,20.51336146272855,9.468354430379748,3.6357243319268635,1.9465541490857947,28.258790436005626,42.79043600562588,0.23347398030942335,37.970464135021096,0.5921237693389592,26.310829817158933,38.51195499296765,10.060478199718705,54.104078762306614,8.445850914205344,0.7341772151898734,31.485232067510548,0.5963431786216596,29.663853727144865
23,0.0,0.0,0.0,0.0,0.0,0.0,0.0,0.0,0.0,0.0,0.0,0.0,0.0,0.0,0.0,0.0,0.0,0.0,0.0,0.0,0.0,0.0,0.0,6.267229254571027,21.49929676511955,16.57946554149086,40.20675105485232,43.438818565400844,55.63009845288326,45.39662447257384,2.188466947960619,35.92123769338959,0.3291139240506329,27.62165963431786,36.954992967651194,3.9367088607594938,66.06610407876231,21.481012658227847,6.244725738396625,39.10970464135021,28.189873417721518,5.2264416315049225,3.140646976090014,0.5752461322081576,1.1420534458509142,2.3277074542897327,0.0,2.6371308016877637,1.489451476793249,0.0,1.0548523206751055,0.2180028129395218,0.21659634317862167,0.0,0.0,3.0253164556962027,0.2616033755274262,0.0,67.67932489451476,2.2067510548523206,44.0253164556962,83.11954992967651,78.13080168776371,53.05344585091421,59.12798874824191,14.962025316455696,8.229254571026724,4.437412095639944,1.1659634317862166,19.71589310829817,22.369901547116736,0.0,15.663853727144867,0.7862165963431786,8.464135021097047,18.656821378340364,2.2137834036568216,25.344585091420534,3.140646976090014,0.5457102672292545,25.0028129395218,0.3853727144866385,8.40225035161744
24,0.0,0.0,0.0,0.0,0.0,0.0,0.0,0.0,0.0,0.0,0.0,0.0,0.0,0.0,0.0,0.0,0.0,0.0,0.0,0.0,0.0,0.0,0.0,0.0,7.590717299578059,16.170182841068918,11.0,18.668073136427566,16.89873417721519,49.89029535864979,12.637130801687764,52.808720112517584,7.734177215189874,33.734177215189874,44.91842475386779,4.0028129395218,56.91842475386779,23.78481012658228,5.559774964838256,19.935302390998594,17.938115330520393,1.9718706047819972,0.5527426160337553,0.0,0.2559774964838256,1.5049226441631505,0.0,0.4964838255977497,1.6540084388185654,0.0,0.2419127988748242,0.379746835443038,0.0,0.0,0.23769338959212377,1.240506329113924,0.0,0.0,29.964838255977497,1.9353023909985936,23.0070323488045,26.929676511954995,26.566807313642755,24.20815752461322,14.236286919831224,4.008438818565401,1.5668073136427567,0.5161744022503516,0.1940928270042194,4.736990154711673,6.857946554149086,0.0,6.205344585091421,0.2011251758087201,5.381153305203938,12.50492264416315,1.1111111111111112,12.108298171589311,1.3783403656821378,0.270042194092827,7.720112517580872,0.3769338959212377,14.268635724331928
25,0.0,0.0,0.0,0.0,0.0,0.0,0.0,0.0,0.0,0.0,0.0,0.0,0.0,0.0,0.0,0.0,0.0,0.0,0.0,0.0,0.0,0.0,0.0,0.0,0.0,4.485232067510548,11.772151898734178,23.255977496483826,36.123769338959214,22.30942334739803,1.140646976090014,14.642756680731365,1.5485232067510548,6.566807313642757,17.807313642756682,1.1040787623066104,36.767932489451475,9.347398030942335,2.90014064697609,10.59071729957806,14.139240506329115,1.0717299578059072,0.0,0.24613220815752462,0.4866385372714487,0.0,0.0,0.9507735583684951,2.479606188466948,0.0,0.0,2.471167369901547,0.0,0.0,1.248945147679325,9.028129395218002,0.44022503516174405,0.0,23.80590717299578,0.27848101265822783,31.10407876230661,23.52742616033755,18.275668073136426,14.30520393811533,10.375527426160337,2.3361462728551334,1.909985935302391,0.5864978902953587,0.0,0.9845288326300985,1.8832630098452883,0.0,2.9029535864978904,0.1308016877637131,0.70042194092827,7.018284106891702,0.6160337552742616,4.642756680731364,0.1518987341772152,0.0,3.940928270042194,0.30942334739803096,2.288326300984529
26,0.0,0.0,0.0,0.0,0.0,0.0,0.0,0.0,0.0,0.0,0.0,0.0,0.0,0.0,0.0,0.0,0.0,0.0,0.0,0.0,0.0,0.0,0.0,0.0,0.0,0.0,3.4725738396624473,7.170182841068917,22.421940928270043,13.893108298171589,1.859353023909986,7.132208157524613,0.8354430379746836,2.376933895921238,16.0098452883263,0.8874824191279888,20.530239099859354,3.7819971870604783,1.0196905766526019,11.177215189873417,6.040787623066104,0.19549929676511954,0.5836849507735584,0.0,0.0,0.41068917018284107,0.4008438818565401,0.0,1.2236286919831223,0.0,0.0,1.3417721518987342,0.0,0.0,0.4866385372714487,2.917018284106892,0.17580872011251758,0.0,8.620253164556962,0.2939521800281294,14.69760900140647,8.113924050632912,6.210970464135021,3.158931082981716,3.4177215189873418,0.8227848101265823,0.9563994374120957,0.16455696202531644,0.0,1.0970464135021096,1.8748241912798875,0.0,0.9240506329113924,0.0,0.8171589310829818,4.029535864978903,0.0,2.3417721518987342,0.19690576652601968,0.0,2.2320675105485233,0.0,1.4275668073136427
27,0.0,0.0,0.0,0.0,0.0,0.0,0.0,0.0,0.0,0.0,0.0,0.0,0.0,0.0,0.0,0.0,0.0,0.0,0.0,0.0,0.0,0.0,0.0,0.0,0.0,0.0,0.0,2.8987341772151898,15.19409282700422,16.638537271448662,13.334739803094234,11.433192686357243,3.270042194092827,18.30098452883263,25.056258790436004,4.011251758087201,36.31645569620253,16.481012658227847,5.59634317862166,24.070323488045005,19.143459915611814,4.2545710267229255,1.209563994374121,1.2053445850914206,5.012658227848101,0.9338959212376934,0.4191279887482419,1.1744022503516174,1.5864978902953586,0.0,0.24050632911392406,0.22081575246132207,1.790436005625879,0.7074542897327707,0.31223628691983124,0.26441631504922647,0.0,0.0,5.026722925457102,0.3952180028129395,5.279887482419128,4.864978902953586,4.834036568213784,5.239099859353024,2.5555555555555554,0.279887482419128,0.13783403656821377,0.0,0.0,0.5189873417721519,2.5414908579465543,0.0,2.319268635724332,0.0,2.9142053445850915,2.559774964838256,0.7243319268635724,1.939521800281294,0.35443037974683544,0.3769338959212377,1.1448663853727146,0.11814345991561181,2.7454289732770745
28,0.0,0.0,0.0,0.0,0.0,0.0,0.0,0.0,0.0,0.0,0.0,0.0,0.0,0.0,0.0,0.0,0.0,0.0,0.0,0.0,0.0,0.0,0.0,0.0,0.0,0.0,0.0,0.0,7.7693389592123765,18.518987341772153,33.139240506329116,65.40225035161744,22.0210970464135,52.48241912798875,48.971870604782,4.924050632911392,55.9803094233474,36.59634317862166,6.282700421940929,30.814345991561183,21.39803094233474,1.9634317862165964,0.810126582278481,0.16736990154711673,0.9254571026722925,0.749648382559775,0.46554149085794655,1.3066104078762306,2.592123769338959,0.0,1.1828410689170183,0.32770745428973275,0.3389592123769339,0.21237693389592124,0.4092827004219409,0.15752461322081576,1.970464135021097,0.15752461322081576,23.76793248945148,2.551336146272855,23.251758087201125,20.971870604781998,20.9831223628692,20.89732770745429,10.520393811533053,2.507735583684951,1.0225035161744023,0.0,0.0,6.022503516174402,5.654008438818566,0.15752461322081576,8.870604781997187,0.5049226441631505,3.4936708860759493,20.063291139240505,2.492264416315049,10.319268635724331,1.639943741209564,0.21378340365682139,3.0942334739803092,0.38677918424753865,20.72573839662447
29,0.0,0.0,0.0,0.0,0.0,0.0,0.0,0.0,0.0,0.0,0.0,0.0,0.0,0.0,0.0,0.0,0.0,0.0,0.0,0.0,0.0,0.0,0.0,0.0,0.0,0.0,0.0,0.0,0.0,7.880450070323488,19.469760900140646,22.984528832630097,38.433192686357245,55.71167369901547,51.971870604782,11.424753867791843,57.28832630098453,55.52320675105485,5.6835443037974684,25.68776371308017,16.31926863572433,2.240506329113924,0.26441631504922647,0.4781997187060478,2.2587904360056257,0.60056258790436,1.3656821378340365,2.6962025316455698,8.19409282700422,0.8931082981715893,2.919831223628692,2.5583684950773558,0.6146272855133614,0.5541490857946554,0.1111111111111111,0.639943741209564,2.9957805907172994,0.14486638537271448,26.92686357243319,3.760900140646976,30.533052039381154,16.448663853727144,16.334739803094234,13.60900140646976,7.322081575246132,1.860759493670886,0.510548523206751,0.6427566807313643,0.270042194092827,3.661040787623066,6.644163150492265,1.049226441631505,7.758087201125176,1.3291139240506329,3.29957805907173,28.139240506329113,8.403656821378341,14.275668073136428,2.1434599156118144,0.22081575246132207,4.590717299578059,0.10689170182841069,15.786216596343179
30,0.0,0.0,0.0,0.0,0.0,0.0,0.0,0.0,0.0,0.0,0.0,0.0,0.0,0.0,0.0,0.0,0.0,0.0,0.0,0.0,0.0,0.0,0.0,0.0,0.0,0.0,0.0,0.0,0.0,0.0,7.5639943741209565,17.469760900140646,19.91279887482419,35.61884669479606,23.07313642756681,2.618846694796062,47.016877637130804,23.859353023909986,0.19549929676511954,2.0942334739803092,1.431786216596343,0.16455696202531644,0.4936708860759494,0.0,0.17158931082981715,0.4669479606188467,0.530239099859353,0.19971870604781997,1.030942334739803,0.17158931082981715,0.8466947960618847,0.2911392405063291,0.0,0.0,0.0,0.09845288326300984,1.1082981715893108,0.0,5.420534458509142,0.4430379746835443,7.928270042194093,1.6582278481012658,1.030942334739803,1.7243319268635724,0.6947960618846695,0.0,0.0,0.0,0.0,0.3361462728551336,1.0351617440225036,0.15049226441631505,1.6666666666666667,0.0,0.6286919831223629,8.19690576652602,2.5372714486638537,3.1645569620253164,0.31926863572433195,0.0,1.149085794655415,0.0,2.932489451476793
31,0.0,0.0,0.0,0.0,0.0,0.0,0.0,0.0,0.0,0.0,0.0,0.0,0.0,0.0,0.0,0.0,0.0,0.0,0.0,0.0,0.0,0.0,0.0,0.0,0.0,0.0,0.0,0.0,0.0,0.0,0.0,8.243319268635725,11.420534458509142,19.628691983122362,39.554149085794656,6.990154711673699,44.20815752461322,33.85372714486638,3.5850914205344586,18.58931082981716,10.917018284106891,6.638537271448664,0.7819971870604782,4.355836849507735,10.873417721518987,1.0407876230661042,0.9732770745428974,4.319268635724332,5.679324894514768,0.17440225035161744,0.6582278481012658,0.2841068917018284,2.7566807313642756,1.431786216596343,0.9043600562587905,1.160337552742616,1.7848101265822784,0.14627285513361463,22.246132208157526,4.227848101265823,27.11814345991561,15.30520393811533,15.774964838255977,17.464135021097047,7.518987341772152,1.8635724331926864,0.5414908579465542,0.8255977496483825,0.5147679324894515,2.3853727144866386,5.0014064697609,0.6877637130801688,10.20534458509142,1.4866385372714486,4.523206751054852,19.320675105485233,3.6947960618846696,9.430379746835444,3.607594936708861,0.5682137834036568,2.3586497890295357,0.19127988748241911,10.742616033755274
32,0.0,0.0,0.0,0.0,0.0,0.0,0.0,0.0,0.0,0.0,0.0,0.0,0.0,0.0,0.0,0.0,0.0,0.0,0.0,0.0,0.0,0.0,0.0,0.0,0.0,0.0,0.0,0.0,0.0,0.0,0.0,0.0,3.9353023909985936,13.037974683544304,4.305203938115331,0.459915611814346,22.0070323488045,3.8030942334739803,0.0,2.9085794655414907,0.29957805907172996,0.0,0.0,0.0,0.0,0.0,0.19268635724331926,0.0,0.4022503516174402,0.17158931082981715,0.0,0.0,0.0,0.0,0.0,0.2911392405063291,0.2545710267229255,0.0,5.50070323488045,1.3558368495077355,8.021097046413502,2.308016877637131,1.4374120956399437,2.329113924050633,0.17721518987341772,0.3656821378340366,0.33052039381153303,0.0,0.0,0.710267229254571,1.1336146272855134,0.0,2.1392405063291138,0.630098452883263,0.6821378340365682,4.981715893108298,0.4022503516174402,2.520393811533052,0.7946554149085795,0.0,0.4472573839662447,0.0,0.8593530239099859
33,0.0,0.0,0.0,0.0,0.0,0.0,0.0,0.0,0.0,0.0,0.0,0.0,0.0,0.0,0.0,0.0,0.0,0.0,0.0,0.0,0.0,0.0,0.0,0.0,0.0,0.0,0.0,0.0,0.0,0.0,0.0,0.0,0.0,5.061884669479606,26.90857946554149,6.779184247538678,9.127988748241913,14.371308016877638,1.3459915611814346,8.075949367088608,3.4725738396624473,3.6132208157524612,1.1476793248945147,3.080168776371308,5.40365682137834,1.5696202531645569,1.2278481012658229,11.364275668073136,18.859353023909986,1.2714486638537272,0.5766526019690577,0.48945147679324896,1.2039381153305204,1.5035161744022503,0.8987341772151899,0.8382559774964838,1.2109704641350212,0.1659634317862166,9.939521800281295,1.6132208157524612,11.988748241912798,5.59634317862166,7.374120956399437,10.879043600562587,5.655414908579465,1.1082981715893108,0.90014064697609,0.0,0.26582278481012656,1.4149085794655414,2.9184247538677917,0.0,4.926863572433192,0.46272855133614627,2.068917018284107,11.468354430379748,2.973277074542897,6.749648382559775,2.160337552742616,0.37412095639943743,1.790436005625879,0.0,4.784810126582278
34,0.0,0.0,0.0,0.0,0.0,0.0,0.0,0.0,0.0,0.0,0.0,0.0,0.0,0.0,0.0,0.0,0.0,0.0,0.0,0.0,0.0,0.0,0.0,0.0,0.0,0.0,0.0,0.0,0.0,0.0,0.0,0.0,0.0,0.0,64.0492264416315,22.69338959212377,57.029535864978904,25.277074542897328,1.0379746835443038,21.846694796061886,3.917018284106892,12.507735583684951,9.059071729957806,8.48804500703235,6.122362869198312,11.358649789029537,2.2278481012658227,38.9732770745429,50.49226441631505,3.1744022503516174,9.79184247538678,20.60196905766526,2.7243319268635724,4.7116736990154715,4.29535864978903,4.669479606188467,14.635724331926864,1.6680731364275667,66.72573839662448,11.520393811533053,76.68213783403657,53.80168776371308,55.358649789029535,48.39521800281294,37.18143459915612,12.113924050632912,4.734177215189874,1.7018284106891701,1.5330520393811533,16.49085794655415,27.772151898734176,1.5724331926863573,31.950773558368496,4.227848101265823,30.20253164556962,30.052039381153307,9.708860759493671,32.340365682137836,1.4908579465541492,0.0,6.859353023909986,0.0,4.663853727144867
35,0.0,0.0,0.0,0.0,0.0,0.0,0.0,0.0,0.0,0.0,0.0,0.0,0.0,0.0,0.0,0.0,0.0,0.0,0.0,0.0,0.0,0.0,0.0,0.0,0.0,0.0,0.0,0.0,0.0,0.0,0.0,0.0,0.0,0.0,0.0,17.350210970464136,23.071729957805907,5.739803094233474,4.036568213783403,1.3952180028129395,0.08157524613220815,31.644163150492265,6.341772151898734,29.018284106891702,35.68213783403657,3.517580872011252,2.0070323488045005,37.79465541490858,37.47538677918425,2.5105485232067513,4.019690576652602,7.818565400843882,8.973277074542898,6.094233473980309,2.5161744022503516,1.1659634317862166,2.1012658227848102,0.0,5.105485232067511,0.38677918424753865,14.09845288326301,0.6947960618846695,1.2995780590717299,0.8973277074542897,1.8354430379746836,0.510548523206751,0.510548523206751,0.0,0.8621659634317862,0.6371308016877637,3.2545710267229255,0.18706047819971872,3.6680731364275667,0.11533052039381153,2.420534458509142,3.9043600562587906,10.739803094233475,4.243319268635724,0.0,2.1153305203938118,0.2939521800281294,0.0,0.0
36,0.0,0.0,0.0,0.0,0.0,0.0,0.0,0.0,0.0,0.0,0.0,0.0,0.0,0.0,0.0,0.0,0.0,0.0,0.0,0.0,0.0,0.0,0.0,0.0,0.0,0.0,0.0,0.0,0.0,0.0,0.0,0.0,0.0,0.0,0.0,0.0,18.029535864978904,41.312236286919834,5.4978902953586495,39.319268635724335,10.777777777777779,20.541490857946552,7.274261603375527,13.271448663853727,21.69057665260197,7.89592123769339,2.9184247538677917,39.635724331926866,47.73839662447257,2.0857946554149085,4.120956399437412,5.545710267229254,6.630098452883263,6.343178621659634,3.4838255977496484,3.1448663853727146,4.924050632911392,0.2320675105485232,44.70042194092827,4.831223628691983,49.69479606188467,43.27426160337553,46.0182841068917,39.67088607594937,30.10548523206751,5.755274261603375,2.067510548523207,1.3319268635724333,2.070323488045007,8.90436005625879,15.786216596343179,0.9971870604781997,17.90576652601969,0.8171589310829818,15.019690576652602,16.810126582278482,6.504922644163151,18.669479606188467,1.2236286919831223,1.4219409282700421,5.801687763713081,0.23769338959212377,6.839662447257384
37,0.0,0.0,0.0,0.0,0.0,0.0,0.0,0.0,0.0,0.0,0.0,0.0,0.0,0.0,0.0,0.0,0.0,0.0,0.0,0.0,0.0,0.0,0.0,0.0,0.0,0.0,0.0,0.0,0.0,0.0,0.0,0.0,0.0,0.0,0.0,0.0,0.0,21.817158931082982,0.49226441631504925,7.967651195499297,1.0,1.8663853727144866,1.0478199718706047,1.1504922644163151,0.7271448663853727,3.3417721518987342,0.7510548523206751,13.645569620253164,20.779184247538677,0.8593530239099859,3.4683544303797467,4.817158931082981,0.10548523206751055,0.8860759493670886,0.5358649789029536,1.1293952180028128,3.520393811533052,0.0,16.710267229254573,1.5344585091420535,26.465541490857948,7.015471167369902,7.087201125175809,7.9929676511954995,5.468354430379747,1.1533052039381153,0.1631504922644163,0.0,0.790436005625879,1.9803094233473981,3.4331926863572435,0.0,4.942334739803094,0.0,1.9437412095639943,2.838255977496484,2.288326300984529,2.5569620253164556,0.0,0.0,0.8579465541490858,0.0,1.30098452883263
38,0.0,0.0,0.0,0.0,0.0,0.0,0.0,0.0,0.0,0.0,0.0,0.0,0.0,0.0,0.0,0.0,0.0,0.0,0.0,0.0,0.0,0.0,0.0,0.0,0.0,0.0,0.0,0.0,0.0,0.0,0.0,0.0,0.0,0.0,0.0,0.0,0.0,0.0,2.267229254571027,2.250351617440225,0.2419127988748242,23.89732770745429,0.6652601969057665,13.331926863572432,27.333333333333332,0.07454289732770746,0.0,11.160337552742616,15.985935302390999,0.07454289732770746,0.11533052039381153,0.3670886075949367,9.928270042194093,7.393811533052039,3.789029535864979,1.7890295358649788,0.0,0.0,1.3150492264416316,0.14064697609001406,3.8649789029535864,1.3952180028129395,1.7144866385372715,1.2855133614627285,0.7285513361462729,0.3670886075949367,0.37412095639943743,0.14767932489451477,1.0407876230661042,0.6526019690576652,0.7679324894514767,0.0,2.3333333333333335,0.0,0.9943741209563994,0.16033755274261605,2.947960618846695,1.559774964838256,0.0,1.149085794655415,0.31926863572433195,0.0,0.0
39,0.0,0.0,0.0,0.0,0.0,0.0,0.0,0.0,0.0,0.0,0.0,0.0,0.0,0.0,0.0,0.0,0.0,0.0,0.0,0.0,0.0,0.0,0.0,0.0,0.0,0.0,0.0,0.0,0.0,0.0,0.0,0.0,0.0,0.0,0.0,0.0,0.0,0.0,0.0,8.727144866385373,12.715893108298172,9.150492264416314,5.509142053445851,0.41068917018284107,0.3755274261603376,4.289732770745429,0.24050632911392406,2.6751054852320677,2.69760900140647,0.10970464135021098,0.60056258790436,1.8284106891701828,0.0,0.0,1.7088607594936709,5.7834036568213785,1.2728551336146272,0.0,44.9873417721519,1.978902953586498,47.20815752461322,47.34177215189873,43.895921237693386,32.84388185654009,29.475386779184248,9.077355836849508,2.759493670886076,0.9634317862165963,0.13642756680731363,11.327707454289733,20.0168776371308,0.14627285513361463,19.150492264416314,0.8635724331926864,16.780590717299578,10.450070323488045,1.5091420534458508,18.426160337552744,2.3347398030942337,0.0,9.267229254571026,0.4008438818565401,2.8537271448663852
40,0.0,0.0,0.0,0.0,0.0,0.0,0.0,0.0,0.0,0.0,0.0,0.0,0.0,0.0,0.0,0.0,0.0,0.0,0.0,0.0,0.0,0.0,0.0,0.0,0.0,0.0,0.0,0.0,0.0,0.0,0.0,0.0,0.0,0.0,0.0,0.0,0.0,0.0,0.0,0.0,2.888888888888889,0.2616033755274262,0.5822784810126582,0.0,0.0,0.5766526019690577,0.0,0.0,0.0,0.0,0.17862165963431786,0.0,0.0,0.0,0.2545710267229255,0.5668073136427567,0.0,0.0,3.267229254571027,0.0,3.308016877637131,2.4317862165963433,3.1068917018284106,3.2559774964838257,1.8987341772151898,0.31926863572433195,0.12236286919831224,0.0,0.19690576652601968,0.8143459915611815,0.19690576652601968,0.0,0.6427566807313643,0.0,0.6286919831223629,0.24331926863572434,0.0,0.4810126582278481,0.0,0.0,0.4472573839662447,0.0,0.1617440225035162
41,0.0,0.0,0.0,0.0,0.0,0.0,0.0,0.0,0.0,0.0,0.0,0.0,0.0,0.0,0.0,0.0,0.0,0.0,0.0,0.0,0.0,0.0,0.0,0.0,0.0,0.0,0.0,0.0,0.0,0.0,0.0,0.0,0.0,0.0,0.0,0.0,0.0,0.0,0.0,0.0,0.0,6.772151898734177,14.132208157524612,12.89873417721519,11.482419127988749,9.40646976090014,4.146272855133614,13.147679324894515,25.59071729957806,1.8227848101265822,4.040787623066104,1.7468354430379747,14.48804500703235,9.178621659634318,3.2630098452883263,5.781997187060478,1.5428973277074542,1.8270042194092826,30.078762306610408,14.690576652601969,17.70604781997187,34.780590717299575,49.42334739803094,43.45007032348804,53.85935302390999,34.84669479606188,13.729957805907173,3.548523206751055,25.866385372714486,25.566807313642755,50.03234880450071,0.7088607594936709,52.36708860759494,0.34739803094233473,17.72151898734177,32.17862165963432,24.12095639943741,29.90576652601969,3.329113924050633,16.354430379746834,34.0351617440225,2.3797468354430378,1.2292545710267229
42,0.0,0.0,0.0,0.0,0.0,0.0,0.0,0.0,0.0,0.0,0.0,0.0,0.0,0.0,0.0,0.0,0.0,0.0,0.0,0.0,0.0,0.0,0.0,0.0,0.0,0.0,0.0,0.0,0.0,0.0,0.0,0.0,0.0,0.0,0.0,0.0,0.0,0.0,0.0,0.0,0.0,0.0,3.5780590717299576,8.814345991561181,6.125175808720113,9.541490857946554,6.686357243319269,16.563994374120956,26.89732770745429,3.0028129395218004,3.267229254571027,0.6708860759493671,1.6835443037974684,4.378340365682138,3.6160337552742616,3.859353023909986,1.2995780590717299,1.479606188466948,22.116736990154713,10.189873417721518,10.09845288326301,25.379746835443036,38.58509142053446,32.942334739803094,44.983122362869196,24.38255977496484,9.424753867791843,2.0070323488045005,9.945147679324894,16.471167369901547,37.83263009845288,0.0,44.40365682137834,0.4317862165963432,37.445850914205344,48.09704641350211,35.075949367088604,34.93389592123769,6.367088607594937,3.142053445850914,22.755274261603375,1.3291139240506329,0.5021097046413502
43,0.0,0.0,0.0,0.0,0.0,0.0,0.0,0.0,0.0,0.0,0.0,0.0,0.0,0.0,0.0,0.0,0.0,0.0,0.0,0.0,0.0,0.0,0.0,0.0,0.0,0.0,0.0,0.0,0.0,0.0,0.0,0.0,0.0,0.0,0.0,0.0,0.0,0.0,0.0,0.0,0.0,0.0,0.0,2.9859353023909985,9.212376933895921,1.1167369901547117,0.09423347398030943,10.042194092827005,12.11251758087201,0.6230661040787623,1.2686357243319268,0.8635724331926864,20.056258790436004,19.977496483825597,12.234880450070323,5.451476793248945,0.36427566807313644,0.44585091420534456,2.7819971870604783,1.9887482419127989,6.890295358649789,2.161744022503516,4.320675105485232,5.3881856540084385,7.887482419127989,2.19831223628692,0.5794655414908579,0.4360056258790436,4.60478199718706,2.919831223628692,7.990154711673699,0.5344585091420534,12.151898734177216,0.0,8.284106891701828,8.789029535864978,25.38537271448664,17.267229254571028,0.41068917018284107,10.562587904360056,3.4416315049226442,0.0,0.22644163150492264
44,0.0,0.0,0.0,0.0,0.0,0.0,0.0,0.0,0.0,0.0,0.0,0.0,0.0,0.0,0.0,0.0,0.0,0.0,0.0,0.0,0.0,0.0,0.0,0.0,0.0,0.0,0.0,0.0,0.0,0.0,0.0,0.0,0.0,0.0,0.0,0.0,0.0,0.0,0.0,0.0,0.0,0.0,0.0,0.0,4.842475386779184,1.580872011251758,0.6455696202531646,20.950773558368496,14.037974683544304,0.7580872011251758,1.8059071729957805,1.9676511954992968,10.921237693389592,34.21659634317862,27.054852320675106,17.046413502109704,0.3206751054852321,0.870604781997187,5.153305203938116,4.064697609001406,21.542897327707454,4.533052039381153,8.49648382559775,9.604781997187061,11.362869198312236,6.985935302390999,3.80168776371308,1.0520393811533053,11.077355836849508,5.787623066104079,15.118143459915611,0.9451476793248945,21.330520393811533,0.3291139240506329,13.874824191279888,6.189873417721519,24.41912798874824,18.731364275668074,0.35724331926863573,14.832630098452883,5.631504922644163,0.45569620253164556,0.21659634317862167
45,0.0,0.0,0.0,0.0,0.0,0.0,0.0,0.0,0.0,0.0,0.0,0.0,0.0,0.0,0.0,0.0,0.0,0.0,0.0,0.0,0.0,0.0,0.0,0.0,0.0,0.0,0.0,0.0,0.0,0.0,0.0,0.0,0.0,0.0,0.0,0.0,0.0,0.0,0.0,0.0,0.0,0.0,0.0,0.0,0.0,5.510548523206751,13.957805907172995,22.057665260196906,53.07454289732771,24.835443037974684,25.541490857946552,6.7116736990154715,0.4008438818565401,4.912798874824191,4.918424753867792,1.929676511954993,18.59071729957806,5.548523206751055,22.268635724331926,12.417721518987342,11.260196905766525,16.08298171589311,26.72855133614627,23.10126582278481,29.870604781997187,17.209563994374122,4.786216596343179,1.5864978902953586,4.09704641350211,17.279887482419127,30.08016877637131,3.381153305203938,31.971870604781998,1.8649789029535866,27.69901547116737,47.88326300984529,37.045007032348806,36.20112517580872,7.524613220815753,1.1673699015471168,14.012658227848101,0.0,0.0
46,0.0,0.0,0.0,0.0,0.0,0.0,0.0,0.0,0.0,0.0,0.0,0.0,0.0,0.0,0.0,0.0,0.0,0.0,0.0,0.0,0.0,0.0,0.0,0.0,0.0,0.0,0.0,0.0,0.0,0.0,0.0,0.0,0.0,0.0,0.0,0.0,0.0,0.0,0.0,0.0,0.0,0.0,0.0,0.0,0.0,0.0,5.991561181434599,22.150492264416314,54.781997187060476,28.735583684950775,27.485232067510548,34.08438818565401,0.20253164556962025,2.257383966244726,4.886075949367089,4.319268635724332,64.11111111111111,38.20675105485232,59.472573839662445,48.89873417721519,39.20815752461322,4.180028129395218,4.457102672292546,14.632911392405063,6.627285513361462,12.509142053445851,0.8326300984528833,0.6863572433192686,2.361462728551336,51.03234880450071,67.83825597749649,33.614627285513365,49.62306610407876,18.428973277074544,19.495077355836848,36.41631504922644,21.21800281293952,29.729957805907173,8.140646976090014,0.569620253164557,2.30239099859353,0.0,0.12236286919831224
47,0.0,0.0,0.0,0.0,0.0,0.0,0.0,0.0,0.0,0.0,0.0,0.0,0.0,0.0,0.0,0.0,0.0,0.0,0.0,0.0,0.0,0.0,0.0,0.0,0.0,0.0,0.0,0.0,0.0,0.0,0.0,0.0,0.0,0.0,0.0,0.0,0.0,0.0,0.0,0.0,0.0,0.0,0.0,0.0,0.0,0.0,0.0,10.763713080168776,29.859353023909986,22.237693389592124,43.93389592123769,17.233473980309423,17.0,23.931082981715893,26.19690576652602,17.50914205344585,36.07876230661041,15.880450070323487,30.59493670886076,26.066104078762308,31.28129395218003,13.777777777777779,22.648382559774966,23.0126582278481,28.651195499296765,19.372714486638536,4.841068917018284,1.1870604781997187,11.150492264416314,28.347398030942333,43.21518987341772,8.79746835443038,37.27285513361463,2.7777777777777777,36.62447257383966,49.41490857946554,36.668073136427566,36.22784810126582,12.11251758087201,10.841068917018283,16.848101265822784,1.3881856540084387,0.4345991561181435
48,0.0,0.0,0.0,0.0,0.0,0.0,0.0,0.0,0.0,0.0,0.0,0.0,0.0,0.0,0.0,0.0,0.0,0.0,0.0,0.0,0.0,0.0,0.0,0.0,0.0,0.0,0.0,0.0,0.0,0.0,0.0,0.0,0.0,0.0,0.0,0.0,0.0,0.0,0.0,0.0,0.0,0.0,0.0,0.0,0.0,0.0,0.0,0.0,7.5119549929676515,25.672292545710267,30.637130801687764,19.123769338959214,16.710267229254573,24.739803094233473,35.72714486638537,72.0126582278481,50.68354430379747,20.60478199718706,38.0,29.095639943741208,71.40787623066105,6.9113924050632916,9.834036568213783,7.648382559774965,14.267229254571026,11.268635724331928,18.178621659634317,5.566807313642757,4.706047819971871,31.853727144866387,48.32770745428973,15.829817158931084,25.476793248945146,3.5035161744022503,47.17580872011252,50.47116736990155,44.48804500703235,44.33052039381153,24.61462728551336,13.163150492264416,20.019690576652604,0.6708860759493671,0.5569620253164557
49,0.0,0.0,0.0,0.0,0.0,0.0,0.0,0.0,0.0,0.0,0.0,0.0,0.0,0.0,0.0,0.0,0.0,0.0,0.0,0.0,0.0,0.0,0.0,0.0,0.0,0.0,0.0,0.0,0.0,0.0,0.0,0.0,0.0,0.0,0.0,0.0,0.0,0.0,0.0,0.0,0.0,0.0,0.0,0.0,0.0,0.0,0.0,0.0,0.0,7.39662447257384,29.562587904360058,18.360056258790436,0.0,0.6736990154711674,0.7355836849507735,0.6863572433192686,51.84106891701828,25.850914205344584,38.84528832630099,40.51898734177215,12.405063291139241,2.4177215189873418,2.8340365682137834,9.056258790436006,2.6258790436005626,7.434599156118144,0.0,0.0,0.8424753867791842,34.84528832630099,40.956399437412095,12.91279887482419,14.39381153305204,2.738396624472574,18.251758087201125,28.880450070323487,15.880450070323487,25.756680731364277,6.158931082981716,0.7749648382559775,3.1744022503516174,0.0,0.1518987341772152
50,0.0,0.0,0.0,0.0,0.0,0.0,0.0,0.0,0.0,0.0,0.0,0.0,0.0,0.0,0.0,0.0,0.0,0.0,0.0,0.0,0.0,0.0,0.0,0.0,0.0,0.0,0.0,0.0,0.0,0.0,0.0,0.0,0.0,0.0,0.0,0.0,0.0,0.0,0.0,0.0,0.0,0.0,0.0,0.0,0.0,0.0,0.0,0.0,0.0,0.0,8.545710267229255,17.277074542897328,0.0,0.15330520393811534,2.451476793248945,0.7074542897327707,28.040787623066105,55.53727144866385,62.9943741209564,68.44163150492264,48.614627285513365,10.641350210970463,9.569620253164556,33.81997187060478,6.8115330520393815,25.31223628691983,1.7679324894514767,1.7623066104078762,2.5822784810126582,76.24472573839662,80.94514767932489,61.969057665260195,67.81293952180029,33.278481012658226,27.351617440225034,46.971870604782,31.126582278481013,46.49367088607595,45.620253164556964,1.7651195499296766,6.222222222222222,0.15752461322081576,1.9563994374120957
51,0.0,0.0,0.0,0.0,0.0,0.0,0.0,0.0,0.0,0.0,0.0,0.0,0.0,0.0,0.0,0.0,0.0,0.0,0.0,0.0,0.0,0.0,0.0,0.0,0.0,0.0,0.0,0.0,0.0,0.0,0.0,0.0,0.0,0.0,0.0,0.0,0.0,0.0,0.0,0.0,0.0,0.0,0.0,0.0,0.0,0.0,0.0,0.0,0.0,0.0,0.0,5.616033755274262,2.4036568213783402,9.787623066104079,13.545710267229255,8.127988748241913,8.80168776371308,2.2053445850914204,13.736990154711673,3.9465541490857947,14.382559774964838,0.9704641350210971,1.2559774964838255,0.630098452883263,1.0970464135021096,0.37412095639943743,0.3459915611814346,0.14767932489451477,0.1828410689170183,4.042194092827004,5.119549929676512,1.3052039381153304,1.9929676511954992,0.9479606188466948,29.635724331926863,43.31082981715893,35.46132208157525,38.036568213783404,33.16174402250352,2.1448663853727146,3.8607594936708862,0.07172995780590717,1.5611814345991561
52,0.0,0.0,0.0,0.0,0.0,0.0,0.0,0.0,0.0,0.0,0.0,0.0,0.0,0.0,0.0,0.0,0.0,0.0,0.0,0.0,0.0,0.0,0.0,0.0,0.0,0.0,0.0,0.0,0.0,0.0,0.0,0.0,0.0,0.0,0.0,0.0,0.0,0.0,0.0,0.0,0.0,0.0,0.0,0.0,0.0,0.0,0.0,0.0,0.0,0.0,0.0,0.0,4.876230661040788,16.248945147679326,34.09704641350211,26.869198312236286,0.12236286919831224,0.16033755274261605,1.3122362869198312,0.13783403656821377,32.10829817158931,0.17862165963431786,0.1729957805907173,1.0956399437412097,0.5977496483825597,1.4936708860759493,2.2545710267229255,0.3952180028129395,1.3628691983122363,0.30239099859353025,1.0225035161744023,0.0,1.258790436005626,0.0,1.070323488045007,1.2784810126582278,3.471167369901547,5.046413502109704,0.0,10.715893108298172,2.1181434599156117,0.19971870604781997,0.0
53,0.0,0.0,0.0,0.0,0.0,0.0,0.0,0.0,0.0,0.0,0.0,0.0,0.0,0.0,0.0,0.0,0.0,0.0,0.0,0.0,0.0,0.0,0.0,0.0,0.0,0.0,0.0,0.0,0.0,0.0,0.0,0.0,0.0,0.0,0.0,0.0,0.0,0.0,0.0,0.0,0.0,0.0,0.0,0.0,0.0,0.0,0.0,0.0,0.0,0.0,0.0,0.0,0.0,3.9831223628691985,17.459915611814345,39.23488045007032,0.6919831223628692,0.0,1.1279887482419129,0.0,47.17440225035162,0.1617440225035162,0.3037974683544304,0.0,1.450070323488045,2.1279887482419126,7.639943741209564,0.7412095639943741,0.7088607594936709,0.510548523206751,0.459915611814346,0.0,1.0337552742616034,0.10548523206751055,2.171589310829817,5.677918424753868,5.5119549929676515,4.9071729957805905,0.4908579465541491,9.378340365682138,4.119549929676512,0.15471167369901548,0.0
54,0.0,0.0,0.0,0.0,0.0,0.0,0.0,0.0,0.0,0.0,0.0,0.0,0.0,0.0,0.0,0.0,0.0,0.0,0.0,0.0,0.0,0.0,0.0,0.0,0.0,0.0,0.0,0.0,0.0,0.0,0.0,0.0,0.0,0.0,0.0,0.0,0.0,0.0,0.0,0.0,0.0,0.0,0.0,0.0,0.0,0.0,0.0,0.0,0.0,0.0,0.0,0.0,0.0,0.0,5.70042194092827,16.257383966244724,4.011251758087201,0.14486638537271448,3.4472573839662446,0.05485232067510549,22.9901547116737,0.3080168776371308,0.0,0.10126582278481013,3.5457102672292544,4.3263009845288325,12.081575246132209,4.855133614627285,0.6905766526019691,0.8115330520393812,0.8059071729957806,0.20956399437412096,1.6061884669479607,0.369901547116737,2.1533052039381153,8.518987341772151,5.632911392405063,6.89592123769339,1.1617440225035163,5.209563994374121,8.219409282700422,0.10126582278481013,0.1490857946554149
55,0.0,0.0,0.0,0.0,0.0,0.0,0.0,0.0,0.0,0.0,0.0,0.0,0.0,0.0,0.0,0.0,0.0,0.0,0.0,0.0,0.0,0.0,0.0,0.0,0.0,0.0,0.0,0.0,0.0,0.0,0.0,0.0,0.0,0.0,0.0,0.0,0.0,0.0,0.0,0.0,0.0,0.0,0.0,0.0,0.0,0.0,0.0,0.0,0.0,0.0,0.0,0.0,0.0,0.0,0.0,4.175808720112518,0.8016877637130801,0.639943741209564,18.59634317862166,2.7566807313642756,13.945147679324894,18.11814345991561,11.203938115330521,5.061884669479606,7.661040787623066,28.427566807313642,16.87904360056259,25.31504922644163,11.248945147679326,14.189873417721518,13.153305203938116,0.6736990154711674,13.956399437412095,3.0464135021097047,6.504922644163151,17.053445850914205,4.938115330520394,14.91279887482419,3.39803094233474,2.8241912798874824,19.943741209563996,5.263009845288327,1.7679324894514767
56,0.0,0.0,0.0,0.0,0.0,0.0,0.0,0.0,0.0,0.0,0.0,0.0,0.0,0.0,0.0,0.0,0.0,0.0,0.0,0.0,0.0,0.0,0.0,0.0,0.0,0.0,0.0,0.0,0.0,0.0,0.0,0.0,0.0,0.0,0.0,0.0,0.0,0.0,0.0,0.0,0.0,0.0,0.0,0.0,0.0,0.0,0.0,0.0,0.0,0.0,0.0,0.0,0.0,0.0,0.0,0.0,7.0070323488045005,25.60196905766526,27.478199718706048,57.19831223628692,23.172995780590718,5.722925457102672,5.052039381153305,17.348804500703235,3.60056258790436,14.308016877637131,1.1729957805907174,0.7482419127988749,0.9381153305203939,53.81293952180028,65.13361462728551,32.9915611814346,49.12095639943741,27.466947960618846,24.630098452883264,45.91279887482419,25.330520393811533,48.54571026722925,40.81012658227848,0.9113924050632911,3.111111111111111,0.14345991561181434,2.3642756680731365
57,0.0,0.0,0.0,0.0,0.0,0.0,0.0,0.0,0.0,0.0,0.0,0.0,0.0,0.0,0.0,0.0,0.0,0.0,0.0,0.0,0.0,0.0,0.0,0.0,0.0,0.0,0.0,0.0,0.0,0.0,0.0,0.0,0.0,0.0,0.0,0.0,0.0,0.0,0.0,0.0,0.0,0.0,0.0,0.0,0.0,0.0,0.0,0.0,0.0,0.0,0.0,0.0,0.0,0.0,0.0,0.0,0.0,7.2925457102672295,28.08438818565401,19.39662447257384,30.129395218002813,4.293952180028129,4.466947960618847,14.717299578059071,2.082981715893108,12.247538677918424,0.45288326300984527,0.9774964838255977,2.1631504922644162,46.130801687763714,50.66947960618847,31.42334739803094,25.568213783403657,23.223628691983123,15.90576652601969,11.412095639943741,2.279887482419128,25.019690576652604,5.755274261603375,0.5836849507735584,0.4472573839662447,0.4317862165963432,0.7946554149085795
58,0.0,0.0,0.0,0.0,0.0,0.0,0.0,0.0,0.0,0.0,0.0,0.0,0.0,0.0,0.0,0.0,0.0,0.0,0.0,0.0,0.0,0.0,0.0,0.0,0.0,0.0,0.0,0.0,0.0,0.0,0.0,0.0,0.0,0.0,0.0,0.0,0.0,0.0,0.0,0.0,0.0,0.0,0.0,0.0,0.0,0.0,0.0,0.0,0.0,0.0,0.0,0.0,0.0,0.0,0.0,0.0,0.0,0.0,7.087201125175809,32.68917018284107,14.20112517580872,13.113924050632912,26.985935302391,26.942334739803094,37.917018284106895,55.40225035161744,30.676511954992968,21.852320675105485,16.29817158931083,72.32489451476793,78.31364275668074,36.36990154711674,73.43178621659634,45.935302390998594,61.16736990154712,49.10126582278481,34.0014064697609,58.277074542897324,49.371308016877634,3.728551336146273,41.064697609001406,6.860759493670886,30.918424753867793
59,0.0,0.0,0.0,0.0,0.0,0.0,0.0,0.0,0.0,0.0,0.0,0.0,0.0,0.0,0.0,0.0,0.0,0.0,0.0,0.0,0.0,0.0,0.0,0.0,0.0,0.0,0.0,0.0,0.0,0.0,0.0,0.0,0.0,0.0,0.0,0.0,0.0,0.0,0.0,0.0,0.0,0.0,0.0,0.0,0.0,0.0,0.0,0.0,0.0,0.0,0.0,0.0,0.0,0.0,0.0,0.0,0.0,0.0,0.0,7.1926863572433195,41.82419127988748,13.29676511954993,16.676511954992968,18.79184247538678,13.132208157524612,42.659634317862164,6.887482419127989,8.056258790436006,12.707454289732771,47.762306610407876,38.03938115330521,21.970464135021096,52.184247538677916,27.381153305203938,44.71589310829817,30.077355836849506,5.150492264416315,45.957805907173,25.933895921237692,0.7032348804500703,10.783403656821378,2.4444444444444446,10.535864978902953
60,0.0,0.0,0.0,0.0,0.0,0.0,0.0,0.0,0.0,0.0,0.0,0.0,0.0,0.0,0.0,0.0,0.0,0.0,0.0,0.0,0.0,0.0,0.0,0.0,0.0,0.0,0.0,0.0,0.0,0.0,0.0,0.0,0.0,0.0,0.0,0.0,0.0,0.0,0.0,0.0,0.0,0.0,0.0,0.0,0.0,0.0,0.0,0.0,0.0,0.0,0.0,0.0,0.0,0.0,0.0,0.0,0.0,0.0,0.0,0.0,6.0309423347398035,13.032348804500703,13.028129395218002,40.46132208157525,16.254571026722925,45.641350210970465,39.27426160337553,37.472573839662445,16.613220815752463,51.20253164556962,61.353023909985936,32.15330520393812,60.13361462728551,44.68917018284107,48.92123769338959,46.84528832630099,36.541490857946556,52.36146272855134,47.353023909985936,5.0928270042194095,39.08720112517581,9.021097046413502,38.48945147679325
61,0.0,0.0,0.0,0.0,0.0,0.0,0.0,0.0,0.0,0.0,0.0,0.0,0.0,0.0,0.0,0.0,0.0,0.0,0.0,0.0,0.0,0.0,0.0,0.0,0.0,0.0,0.0,0.0,0.0,0.0,0.0,0.0,0.0,0.0,0.0,0.0,0.0,0.0,0.0,0.0,0.0,0.0,0.0,0.0,0.0,0.0,0.0,0.0,0.0,0.0,0.0,0.0,0.0,0.0,0.0,0.0,0.0,0.0,0.0,0.0,0.0,4.884669479606188,9.274261603375528,13.331926863572432,33.80731364275668,50.94092827004219,38.91420534458509,27.531645569620252,14.731364275668072,61.36146272855134,68.63853727144867,4.037974683544304,61.61744022503516,4.143459915611814,47.056258790436004,47.427566807313646,32.23488045007032,63.648382559774966,22.50773558368495,4.068917018284107,48.063291139240505,5.49648382559775,9.379746835443038
62,0.0,0.0,0.0,0.0,0.0,0.0,0.0,0.0,0.0,0.0,0.0,0.0,0.0,0.0,0.0,0.0,0.0,0.0,0.0,0.0,0.0,0.0,0.0,0.0,0.0,0.0,0.0,0.0,0.0,0.0,0.0,0.0,0.0,0.0,0.0,0.0,0.0,0.0,0.0,0.0,0.0,0.0,0.0,0.0,0.0,0.0,0.0,0.0,0.0,0.0,0.0,0.0,0.0,0.0,0.0,0.0,0.0,0.0,0.0,0.0,0.0,0.0,4.247538677918425,11.119549929676513,12.375527426160337,53.86497890295359,33.22925457102672,25.08720112517581,22.267229254571028,66.0351617440225,73.39099859353024,3.587904360056259,68.0014064697609,2.3586497890295357,56.36849507735584,46.56399437412096,34.41490857946554,64.79043600562588,24.421940928270043,4.239099859353024,42.057665260196906,5.928270042194093,7.5021097046413505
63,0.0,0.0,0.0,0.0,0.0,0.0,0.0,0.0,0.0,0.0,0.0,0.0,0.0,0.0,0.0,0.0,0.0,0.0,0.0,0.0,0.0,0.0,0.0,0.0,0.0,0.0,0.0,0.0,0.0,0.0,0.0,0.0,0.0,0.0,0.0,0.0,0.0,0.0,0.0,0.0,0.0,0.0,0.0,0.0,0.0,0.0,0.0,0.0,0.0,0.0,0.0,0.0,0.0,0.0,0.0,0.0,0.0,0.0,0.0,0.0,0.0,0.0,0.0,8.925457102672292,13.043600562587905,27.20253164556962,16.518987341772153,15.080168776371307,24.521800281293952,42.70745428973277,55.9887482419128,9.672292545710267,75.89170182841069,9.556962025316455,62.90014064697609,45.164556962025316,14.866385372714486,65.79606188466948,33.479606188466946,1.9943741209563994,29.61181434599156,5.445850914205344,16.60478199718706
64,0.0,0.0,0.0,0.0,0.0,0.0,0.0,0.0,0.0,0.0,0.0,0.0,0.0,0.0,0.0,0.0,0.0,0.0,0.0,0.0,0.0,0.0,0.0,0.0,0.0,0.0,0.0,0.0,0.0,0.0,0.0,0.0,0.0,0.0,0.0,0.0,0.0,0.0,0.0,0.0,0.0,0.0,0.0,0.0,0.0,0.0,0.0,0.0,0.0,0.0,0.0,0.0,0.0,0.0,0.0,0.0,0.0,0.0,0.0,0.0,0.0,0.0,0.0,0.0,6.050632911392405,26.613220815752463,13.175808720112517,30.755274261603375,31.76793248945148,66.45991561181435,73.14486638537271,2.257383966244726,65.24331926863573,1.0379746835443038,53.9971870604782,38.43741209563994,29.223628691983123,60.935302390998594,22.914205344585092,4.528832630098453,27.27426160337553,10.457102672292546,4.638537271448664
65,0.0,0.0,0.0,0.0,0.0,0.0,0.0,0.0,0.0,0.0,0.0,0.0,0.0,0.0,0.0,0.0,0.0,0.0,0.0,0.0,0.0,0.0,0.0,0.0,0.0,0.0,0.0,0.0,0.0,0.0,0.0,0.0,0.0,0.0,0.0,0.0,0.0,0.0,0.0,0.0,0.0,0.0,0.0,0.0,0.0,0.0,0.0,0.0,0.0,0.0,0.0,0.0,0.0,0.0,0.0,0.0,0.0,0.0,0.0,0.0,0.0,0.0,0.0,0.0,0.0,8.461322081575247,16.79465541490858,9.157524613220815,13.254571026722925,18.41912798874824,54.83122362869198,5.555555555555555,51.30520393811533,6.277074542897328,36.22222222222222,28.353023909985936,12.247538677918424,46.48241912798875,16.48663853727145,2.59774964838256,19.88466947960619,15.430379746835444,3.0
66,0.0,0.0,0.0,0.0,0.0,0.0,0.0,0.0,0.0,0.0,0.0,0.0,0.0,0.0,0.0,0.0,0.0,0.0,0.0,0.0,0.0,0.0,0.0,0.0,0.0,0.0,0.0,0.0,0.0,0.0,0.0,0.0,0.0,0.0,0.0,0.0,0.0,0.0,0.0,0.0,0.0,0.0,0.0,0.0,0.0,0.0,0.0,0.0,0.0,0.0,0.0,0.0,0.0,0.0,0.0,0.0,0.0,0.0,0.0,0.0,0.0,0.0,0.0,0.0,0.0,0.0,4.668073136427567,12.566807313642757,20.147679324894515,34.566807313642755,29.47960618846695,0.5808720112517581,20.050632911392405,2.060478199718706,10.421940928270041,15.950773558368494,4.534458509142054,25.129395218002813,6.451476793248945,1.3656821378340365,9.19409282700422,10.018284106891702,0.8073136427566807
67,0.0,0.0,0.0,0.0,0.0,0.0,0.0,0.0,0.0,0.0,0.0,0.0,0.0,0.0,0.0,0.0,0.0,0.0,0.0,0.0,0.0,0.0,0.0,0.0,0.0,0.0,0.0,0.0,0.0,0.0,0.0,0.0,0.0,0.0,0.0,0.0,0.0,0.0,0.0,0.0,0.0,0.0,0.0,0.0,0.0,0.0,0.0,0.0,0.0,0.0,0.0,0.0,0.0,0.0,0.0,0.0,0.0,0.0,0.0,0.0,0.0,0.0,0.0,0.0,0.0,0.0,0.0,3.8438818565400843,7.848101265822785,17.483825597749647,13.164556962025317,0.17158931082981715,10.977496483825599,1.149085794655415,4.531645569620253,11.063291139240507,2.158931082981716,12.51054852320675,2.5344585091420533,0.8663853727144867,10.026722925457102,6.940928270042194,0.9184247538677919
68,0.0,0.0,0.0,0.0,0.0,0.0,0.0,0.0,0.0,0.0,0.0,0.0,0.0,0.0,0.0,0.0,0.0,0.0,0.0,0.0,0.0,0.0,0.0,0.0,0.0,0.0,0.0,0.0,0.0,0.0,0.0,0.0,0.0,0.0,0.0,0.0,0.0,0.0,0.0,0.0,0.0,0.0,0.0,0.0,0.0,0.0,0.0,0.0,0.0,0.0,0.0,0.0,0.0,0.0,0.0,0.0,0.0,0.0,0.0,0.0,0.0,0.0,0.0,0.0,0.0,0.0,0.0,0.0,3.412095639943741,10.468354430379748,8.974683544303797,1.6751054852320675,7.424753867791843,1.458509142053446,13.160337552742616,11.970464135021096,6.132208157524613,22.762306610407876,14.012658227848101,4.874824191279887,24.0014064697609,18.431786216596343,0.0
69,0.0,0.0,0.0,0.0,0.0,0.0,0.0,0.0,0.0,0.0,0.0,0.0,0.0,0.0,0.0,0.0,0.0,0.0,0.0,0.0,0.0,0.0,0.0,0.0,0.0,0.0,0.0,0.0,0.0,0.0,0.0,0.0,0.0,0.0,0.0,0.0,0.0,0.0,0.0,0.0,0.0,0.0,0.0,0.0,0.0,0.0,0.0,0.0,0.0,0.0,0.0,0.0,0.0,0.0,0.0,0.0,0.0,0.0,0.0,0.0,0.0,0.0,0.0,0.0,0.0,0.0,0.0,0.0,0.0,7.213783403656821,15.281293952180029,22.125175808720112,58.84528832630099,27.447257383966246,54.93952180028129,37.37693389592124,16.71870604781997,49.50492264416315,22.41068917018284,3.0773558368495078,30.11814345991561,16.08720112517581,4.315049226441632
70,0.0,0.0,0.0,0.0,0.0,0.0,0.0,0.0,0.0,0.0,0.0,0.0,0.0,0.0,0.0,0.0,0.0,0.0,0.0,0.0,0.0,0.0,0.0,0.0,0.0,0.0,0.0,0.0,0.0,0.0,0.0,0.0,0.0,0.0,0.0,0.0,0.0,0.0,0.0,0.0,0.0,0.0,0.0,0.0,0.0,0.0,0.0,0.0,0.0,0.0,0.0,0.0,0.0,0.0,0.0,0.0,0.0,0.0,0.0,0.0,0.0,0.0,0.0,0.0,0.0,0.0,0.0,0.0,0.0,0.0,6.528832630098453,15.50632911392405,21.451476793248943,34.69620253164557,53.258790436005626,45.931082981715896,29.40365682137834,46.68213783403657,30.334739803094234,5.977496483825598,32.81997187060478,18.445850914205344,4.947960618846695
71,0.0,0.0,0.0,0.0,0.0,0.0,0.0,0.0,0.0,0.0,0.0,0.0,0.0,0.0,0.0,0.0,0.0,0.0,0.0,0.0,0.0,0.0,0.0,0.0,0.0,0.0,0.0,0.0,0.0,0.0,0.0,0.0,0.0,0.0,0.0,0.0,0.0,0.0,0.0,0.0,0.0,0.0,0.0,0.0,0.0,0.0,0.0,0.0,0.0,0.0,0.0,0.0,0.0,0.0,0.0,0.0,0.0,0.0,0.0,0.0,0.0,0.0,0.0,0.0,0.0,0.0,0.0,0.0,0.0,0.0,0.0,6.378340365682138,15.40225035161744,9.329113924050633,24.233473980309423,8.20956399437412,0.7243319268635724,21.30942334739803,4.2165963431786215,0.0,0.569620253164557,0.22362869198312235,0.44866385372714485
72,0.0,0.0,0.0,0.0,0.0,0.0,0.0,0.0,0.0,0.0,0.0,0.0,0.0,0.0,0.0,0.0,0.0,0.0,0.0,0.0,0.0,0.0,0.0,0.0,0.0,0.0,0.0,0.0,0.0,0.0,0.0,0.0,0.0,0.0,0.0,0.0,0.0,0.0,0.0,0.0,0.0,0.0,0.0,0.0,0.0,0.0,0.0,0.0,0.0,0.0,0.0,0.0,0.0,0.0,0.0,0.0,0.0,0.0,0.0,0.0,0.0,0.0,0.0,0.0,0.0,0.0,0.0,0.0,0.0,0.0,0.0,0.0,7.149085794655415,10.977496483825599,20.0098452883263,35.06610407876231,25.521800281293952,36.312236286919834,23.773558368495078,6.343178621659634,28.90998593530239,15.140646976090014,5.478199718706048
73,0.0,0.0,0.0,0.0,0.0,0.0,0.0,0.0,0.0,0.0,0.0,0.0,0.0,0.0,0.0,0.0,0.0,0.0,0.0,0.0,0.0,0.0,0.0,0.0,0.0,0.0,0.0,0.0,0.0,0.0,0.0,0.0,0.0,0.0,0.0,0.0,0.0,0.0,0.0,0.0,0.0,0.0,0.0,0.0,0.0,0.0,0.0,0.0,0.0,0.0,0.0,0.0,0.0,0.0,0.0,0.0,0.0,0.0,0.0,0.0,0.0,0.0,0.0,0.0,0.0,0.0,0.0,0.0,0.0,0.0,0.0,0.0,0.0,4.385372714486638,10.482419127988749,3.7623066104078764,0.3628691983122363,14.9985935302391,1.3867791842475388,0.0,3.032348804500703,0.0,0.6075949367088608
74,0.0,0.0,0.0,0.0,0.0,0.0,0.0,0.0,0.0,0.0,0.0,0.0,0.0,0.0,0.0,0.0,0.0,0.0,0.0,0.0,0.0,0.0,0.0,0.0,0.0,0.0,0.0,0.0,0.0,0.0,0.0,0.0,0.0,0.0,0.0,0.0,0.0,0.0,0.0,0.0,0.0,0.0,0.0,0.0,0.0,0.0,0.0,0.0,0.0,0.0,0.0,0.0,0.0,0.0,0.0,0.0,0.0,0.0,0.0,0.0,0.0,0.0,0.0,0.0,0.0,0.0,0.0,0.0,0.0,0.0,0.0,0.0,0.0,0.0,4.448663853727145,35.29676511954993,23.475386779184248,5.662447257383966,8.29817158931083,4.011251758087201,20.047819971870606,1.6821378340365682,1.8663853727144866
75,0.0,0.0,0.0,0.0,0.0,0.0,0.0,0.0,0.0,0.0,0.0,0.0,0.0,0.0,0.0,0.0,0.0,0.0,0.0,0.0,0.0,0.0,0.0,0.0,0.0,0.0,0.0,0.0,0.0,0.0,0.0,0.0,0.0,0.0,0.0,0.0,0.0,0.0,0.0,0.0,0.0,0.0,0.0,0.0,0.0,0.0,0.0,0.0,0.0,0.0,0.0,0.0,0.0,0.0,0.0,0.0,0.0,0.0,0.0,0.0,0.0,0.0,0.0,0.0,0.0,0.0,0.0,0.0,0.0,0.0,0.0,0.0,0.0,0.0,0.0,72.58368495077356,32.84106891701828,63.76371308016878,20.078762306610408,0.4781997187060478,17.019690576652604,1.2447257383966244,3.049226441631505
76,0.0,0.0,0.0,0.0,0.0,0.0,0.0,0.0,0.0,0.0,0.0,0.0,0.0,0.0,0.0,0.0,0.0,0.0,0.0,0.0,0.0,0.0,0.0,0.0,0.0,0.0,0.0,0.0,0.0,0.0,0.0,0.0,0.0,0.0,0.0,0.0,0.0,0.0,0.0,0.0,0.0,0.0,0.0,0.0,0.0,0.0,0.0,0.0,0.0,0.0,0.0,0.0,0.0,0.0,0.0,0.0,0.0,0.0,0.0,0.0,0.0,0.0,0.0,0.0,0.0,0.0,0.0,0.0,0.0,0.0,0.0,0.0,0.0,0.0,0.0,0.0,31.51758087201125,37.438818565400844,1.5471167369901546,3.718706047819972,7.475386779184247,0.43037974683544306,0.0
77,0.0,0.0,0.0,0.0,0.0,0.0,0.0,0.0,0.0,0.0,0.0,0.0,0.0,0.0,0.0,0.0,0.0,0.0,0.0,0.0,0.0,0.0,0.0,0.0,0.0,0.0,0.0,0.0,0.0,0.0,0.0,0.0,0.0,0.0,0.0,0.0,0.0,0.0,0.0,0.0,0.0,0.0,0.0,0.0,0.0,0.0,0.0,0.0,0.0,0.0,0.0,0.0,0.0,0.0,0.0,0.0,0.0,0.0,0.0,0.0,0.0,0.0,0.0,0.0,0.0,0.0,0.0,0.0,0.0,0.0,0.0,0.0,0.0,0.0,0.0,0.0,0.0,10.735583684950774,24.60478199718706,3.711673699015471,36.60618846694796,3.559774964838256,3.7974683544303796
78,0.0,0.0,0.0,0.0,0.0,0.0,0.0,0.0,0.0,0.0,0.0,0.0,0.0,0.0,0.0,0.0,0.0,0.0,0.0,0.0,0.0,0.0,0.0,0.0,0.0,0.0,0.0,0.0,0.0,0.0,0.0,0.0,0.0,0.0,0.0,0.0,0.0,0.0,0.0,0.0,0.0,0.0,0.0,0.0,0.0,0.0,0.0,0.0,0.0,0.0,0.0,0.0,0.0,0.0,0.0,0.0,0.0,0.0,0.0,0.0,0.0,0.0,0.0,0.0,0.0,0.0,0.0,0.0,0.0,0.0,0.0,0.0,0.0,0.0,0.0,0.0,0.0,0.0,7.1786216596343175,0.12658227848101267,8.066104078762306,1.1322081575246132,0.0
79,0.0,0.0,0.0,0.0,0.0,0.0,0.0,0.0,0.0,0.0,0.0,0.0,0.0,0.0,0.0,0.0,0.0,0.0,0.0,0.0,0.0,0.0,0.0,0.0,0.0,0.0,0.0,0.0,0.0,0.0,0.0,0.0,0.0,0.0,0.0,0.0,0.0,0.0,0.0,0.0,0.0,0.0,0.0,0.0,0.0,0.0,0.0,0.0,0.0,0.0,0.0,0.0,0.0,0.0,0.0,0.0,0.0,0.0,0.0,0.0,0.0,0.0,0.0,0.0,0.0,0.0,0.0,0.0,0.0,0.0,0.0,0.0,0.0,0.0,0.0,0.0,0.0,0.0,0.0,1.4036568213783405,2.292545710267229,0.0,0.0
80,0.0,0.0,0.0,0.0,0.0,0.0,0.0,0.0,0.0,0.0,0.0,0.0,0.0,0.0,0.0,0.0,0.0,0.0,0.0,0.0,0.0,0.0,0.0,0.0,0.0,0.0,0.0,0.0,0.0,0.0,0.0,0.0,0.0,0.0,0.0,0.0,0.0,0.0,0.0,0.0,0.0,0.0,0.0,0.0,0.0,0.0,0.0,0.0,0.0,0.0,0.0,0.0,0.0,0.0,0.0,0.0,0.0,0.0,0.0,0.0,0.0,0.0,0.0,0.0,0.0,0.0,0.0,0.0,0.0,0.0,0.0,0.0,0.0,0.0,0.0,0.0,0.0,0.0,0.0,0.0,7.6019690576652605,10.918424753867791,0.9507735583684951
81,0.0,0.0,0.0,0.0,0.0,0.0,0.0,0.0,0.0,0.0,0.0,0.0,0.0,0.0,0.0,0.0,0.0,0.0,0.0,0.0,0.0,0.0,0.0,0.0,0.0,0.0,0.0,0.0,0.0,0.0,0.0,0.0,0.0,0.0,0.0,0.0,0.0,0.0,0.0,0.0,0.0,0.0,0.0,0.0,0.0,0.0,0.0,0.0,0.0,0.0,0.0,0.0,0.0,0.0,0.0,0.0,0.0,0.0,0.0,0.0,0.0,0.0,0.0,0.0,0.0,0.0,0.0,0.0,0.0,0.0,0.0,0.0,0.0,0.0,0.0,0.0,0.0,0.0,0.0,0.0,0.0,3.8607594936708862,0.0
82,0.0,0.0,0.0,0.0,0.0,0.0,0.0,0.0,0.0,0.0,0.0,0.0,0.0,0.0,0.0,0.0,0.0,0.0,0.0,0.0,0.0,0.0,0.0,0.0,0.0,0.0,0.0,0.0,0.0,0.0,0.0,0.0,0.0,0.0,0.0,0.0,0.0,0.0,0.0,0.0,0.0,0.0,0.0,0.0,0.0,0.0,0.0,0.0,0.0,0.0,0.0,0.0,0.0,0.0,0.0,0.0,0.0,0.0,0.0,0.0,0.0,0.0,0.0,0.0,0.0,0.0,0.0,0.0,0.0,0.0,0.0,0.0,0.0,0.0,0.0,0.0,0.0,0.0,0.0,0.0,0.0,0.0,1.3909985935302391
